batch	lane	project	sample_id	barcode	n_pf_clusters	pct_lane	pct_perfect_barcode	pct_one_mismatch_barcode	yield_mbases	pct_ge_q30	mean_quality_score
HM7M5_3-460	8	JY-PARP_RNA450	1-Parental-1	GAGATTCC+AGGATAGG	25469347	7.18	93.12	6.88	3871	94.26	38.8
HM7M5_3-460	8	JY-PARP_RNA450	10-C20-V-1	ATTCAGAA+TCAGAGCC	30140519	8.5	94.13	5.87	4581	94.59	38.92
HM7M5_3-460	8	JY-PARP_RNA450	11-C20-V-2	GAATTCGT+TCAGAGCC	26101156	7.36	93.97	6.03	3967	94.88	39
HM7M5_3-460	8	JY-PARP_RNA450	12-C20-V-3	CTGAAGCT+TCAGAGCC	29012304	8.18	93.98	6.02	4410	94.81	38.98
HM7M5_3-460	8	JY-PARP_RNA450	13-C17-V-1	TAATGCGC+TCAGAGCC	24155305	6.81	94.14	5.86	3672	94.64	38.93
HM7M5_3-460	8	JY-PARP_RNA450	2-Parental-2	ATTCAGAA+AGGATAGG	25184180	7.1	94.37	5.63	3828	94.42	38.88
HM7M5_3-460	8	JY-PARP_RNA450	3-Parental-3	GAATTCGT+AGGATAGG	22745459	6.41	94.26	5.74	3457	94.72	38.96
HM7M5_3-460	8	JY-PARP_RNA450	4-Parental-V-1	CTGAAGCT+AGGATAGG	26850934	7.57	94.54	5.46	4081	94.71	38.95
HM7M5_3-460	8	JY-PARP_RNA450	5-Parental-V-2	TAATGCGC+AGGATAGG	21145580	5.96	93.87	6.13	3214	94.45	38.88
HM7M5_3-460	8	JY-PARP_RNA450	6-Parental-V-3	ATTACTCG+TCAGAGCC	27295937	7.69	94.06	5.94	4149	94.2	38.8
HM7M5_3-460	8	JY-PARP_RNA450	7-C30-V-1	TCCGGAGA+TCAGAGCC	29973423	8.45	92.89	7.11	4556	94.66	38.94
HM7M5_3-460	8	JY-PARP_RNA450	8-C30-V-2	CGCTCATT+TCAGAGCC	26780274	7.55	93.8	6.2	4071	94.66	38.94
HM7M5_3-460	8	JY-PARP_RNA450	9-C30-V-3	GAGATTCC+TCAGAGCC	23942643	6.75	92.42	7.58	3639	94.56	38.89
HMMWT_3-468	1	RNAseq450	R450-14-C17-V-2	ATTACTCG+CTTCGCCT	23150037	7.14	96.32	3.68	3519	93.92	38.71
HMMWT_3-468	1	RNAseq450	R450-15-C17-V-3	TCCGGAGA+CTTCGCCT	27492562	8.48	95.95	4.05	4179	93.8	38.68
HMMWT_3-468	1	RNAseq450	R450-16-C29-V-1	CGCTCATT+CTTCGCCT	23846372	7.36	95.64	4.36	3625	94.15	38.78
HMMWT_3-468	1	RNAseq450	R450-17-C29-V-2	GAGATTCC+CTTCGCCT	21228648	6.55	94.99	5.01	3227	94.06	38.74
HMMWT_3-468	1	RNAseq450	R450-18-C29-V-3	ATTCAGAA+CTTCGCCT	24481190	7.55	96.16	3.84	3721	93.77	38.68
HMMWT_3-468	1	RNAseq450	R450-19-C26-V-1	GAATTCGT+CTTCGCCT	23895165	7.37	95.96	4.04	3632	94.2	38.79
HMMWT_3-468	1	RNAseq450	R450-20-C26-V-2	CTGAAGCT+CTTCGCCT	21954449	6.77	96.29	3.71	3337	94.15	38.78
HMMWT_3-468	1	RNAseq450	R450-21-C26-V-3	TAATGCGC+CTTCGCCT	20509239	6.33	96.24	3.76	3117	94.03	38.74
HMMWT_3-468	1	RNAseq450	R450-22-C19-V-1	ATTACTCG+TAAGATTA	22316695	6.88	96.52	3.48	3392	93.8	38.68
HMMWT_3-468	1	RNAseq450	R450-23-C19-V-2	TCCGGAGA+TAAGATTA	29699480	9.16	96.14	3.86	4514	93.96	38.73
HMMWT_3-468	1	RNAseq450	R450-24-C19-V-3	CGCTCATT+TAAGATTA	23613655	7.28	95.87	4.13	3589	94.26	38.81
HMMWT_3-468	1	RNAseq450	R450-25-C2-V-1	GAGATTCC+TAAGATTA	23618119	7.29	95.14	4.86	3590	94.37	38.82
HMMWT_3-468	1	RNAseq450	R450-26-C2-V-2	ATTCAGAA+TAAGATTA	24380024	7.52	96.62	3.38	3706	93.96	38.73
HMMWT_3-468	2	RNAseq450	R450-27-C2-V-3	GAATTCGT+TAAGATTA	25661639	7.95	94.55	5.45	3901	94.71	38.93
HMMWT_3-468	2	RNAseq450	R450-28-Parental-P-1	CTGAAGCT+TAAGATTA	26866860	8.33	94.79	5.21	4084	94.56	38.89
HMMWT_3-468	2	RNAseq450	R450-29-Parental-P-2	TAATGCGC+TAAGATTA	24961572	7.74	95.15	4.85	3794	94.49	38.87
HMMWT_3-468	2	RNAseq450	R450-30-Parental-P-3	ATTACTCG+ACGTCCTG	20253939	6.28	93.68	6.32	3079	94.49	38.86
HMMWT_3-468	2	RNAseq450	R450-31-C30-P-1	TCCGGAGA+ACGTCCTG	26130766	8.1	94.62	5.38	3972	94.43	38.85
HMMWT_3-468	2	RNAseq450	R450-32-C30-P-2	CGCTCATT+ACGTCCTG	22334866	6.92	93.54	6.46	3395	94.67	38.91
HMMWT_3-468	2	RNAseq450	R450-33-C30-P-3	GAGATTCC+ACGTCCTG	21428400	6.64	92.29	7.71	3257	94.63	38.89
HMMWT_3-468	2	RNAseq450	R450-34-C20-P-1	ATTCAGAA+ACGTCCTG	25557084	7.92	94.68	5.32	3885	94.44	38.85
HMMWT_3-468	2	RNAseq450	R450-35-C20-P-2	GAATTCGT+ACGTCCTG	22298148	6.91	93.74	6.26	3389	94.84	38.96
HMMWT_3-468	2	RNAseq450	R450-36-C20-P-3	CTGAAGCT+ACGTCCTG	26386685	8.18	94.42	5.58	4011	94.64	38.9
HMMWT_3-468	2	RNAseq450	R450-37-C17-P-1	TAATGCGC+ACGTCCTG	22459484	6.96	93.78	6.22	3414	94.43	38.84
HMMWT_3-468	2	RNAseq450	R450-38-C17-P-2	ATTACTCG+GTCAGTAC	21171577	6.56	95.16	4.84	3218	94.19	38.78
HMMWT_3-468	2	RNAseq450	R450-39-C17-P-3	TCCGGAGA+GTCAGTAC	22947461	7.11	94.93	5.07	3488	94.13	38.77
HMMWT_3-468	3	RNAseq450	R450-40-C29-P-1	CGCTCATT+GTCAGTAC	24367968	7.53	93.32	6.68	3704	94.59	38.9
HMMWT_3-468	3	RNAseq450	R450-41-C29-P-2	GAGATTCC+GTCAGTAC	24856738	7.68	93.45	6.55	3778	94.43	38.84
HMMWT_3-468	3	RNAseq450	R450-42-C29-P-3	ATTCAGAA+GTCAGTAC	27799859	8.59	94.59	5.41	4226	94.17	38.79
HMMWT_3-468	3	RNAseq450	R450-43-C26-P-1	GAATTCGT+GTCAGTAC	27187205	8.4	93.91	6.09	4132	94.59	38.9
HMMWT_3-468	3	RNAseq450	R450-44-C26-P-2	CTGAAGCT+GTCAGTAC	27985610	8.64	94.44	5.56	4254	94.61	38.9
HMMWT_3-468	3	RNAseq450	R450-45-C26-P-3	TAATGCGC+GTCAGTAC	24575899	7.59	93.82	6.18	3736	94.11	38.76
HMMWT_3-468	3	RNAseq450	R450-46-C19-P-1	CGGCTATG+AGGCTATA	19470195	6.01	94.28	5.72	2959	94.03	38.74
HMMWT_3-468	3	RNAseq450	R450-47-C19-P-2	TCCGCGAA+AGGCTATA	26210812	8.1	94.86	5.14	3984	94.17	38.78
HMMWT_3-468	3	RNAseq450	R450-48-C19-P-3	TCTCGCGC+AGGCTATA	26686438	8.24	95	5	4056	94.29	38.81
HMMWT_3-468	3	RNAseq450	R450-49-C2-P-1	AGCGATAG+AGGCTATA	25806660	7.97	94.98	5.02	3923	94.51	38.87
HMMWT_3-468	3	RNAseq450	R450-50-C2-P-2	CGGCTATG+GCCTCTAT	23385166	7.22	94.02	5.98	3555	94	38.72
HMMWT_3-468	3	RNAseq450	R450-51-C2-P-3	TCCGCGAA+GCCTCTAT	31904383	9.85	94.67	5.33	4849	93.92	38.71
